Ward #,Ward Name,Constituency,Complaints,Constituency Level,Complaint Count
129,Jnana Bharathi Ward,RAJARAJESHWARI NAGAR,854,RAJARAJESHWARI NAGAR,1832
12,Shettihalli,DASARAHALLI,401,DASARAHALLI,1763
160,Rajarajeshwari Nagar,RAJARAJESHWARI NAGAR,383,BYATARAYANAPURA,1287
27,Banasavadi,SARVARGNA NAGAR,352,MAHADEVAPURA (SC),1246
41,Peenya Industrial Area,DASARAHALLI,344,SARVARGNA NAGAR,1052
24,HBR Layout,SARVARGNA NAGAR,332,BOMMANAHALLI,776
5,Jakkuru,BYATARAYANAPURA,325,BANGALORE SOUTH,706
70,Rajagopal Nagara,DASARAHALLI,302,K.R.PURA,643
174,HSR Layout,BOMMANAHALLI,263,C.V. RAMAN NAGAR (SC),613
150,Bellanduru,MAHADEVAPURA (SC),239,YESHVANTHAPURA,605
83,Kadugodi,MAHADEVAPURA (SC),223,BASAVANAGUDI,577
187,Puttenahalli,BOMMANAHALLI,205,HEBBAL,564
6,Thanisandra,BYATARAYANAPURA,201,PADMANABA NAGAR,542
57,CV Raman Nagar,C.V. RAMAN NAGAR (SC),201,SHIVAJI NAGAR,488
162,Girinagara,BASAVANAGUDI,190,PULAKESHI NAGAR (SC),408
194,Gottigere,BANGALORE SOUTH,187,CHAMARAJPET,396
9,Vidyaranyapura,BYATARAYANAPURA,181,MALLESWARAM,378
10,Dodda Bommasandra,BYATARAYANAPURA,180,SHANTI NAGAR,366
14,Bagalakunte,DASARAHALLI,180,RAJAJI NAGAR,353
149,Varthuru,MAHADEVAPURA (SC),175,YELAHANKA,302
39,Chokkasandra,DASARAHALLI,173,VIJAYA NAGAR,297
8,Kodigehalli,BYATARAYANAPURA,171,GANDHI NAGAR,277
198,Hemmigepura,YESHVANTHAPURA,169,B.T.M. LAYOUT,272
73,Kottegepalya,RAJARAJESHWARI NAGAR,165,MAHALAXMI LAYOUT,233
13,Mallasandra,DASARAHALLI,162,CHICKPET,174
82,Garudachar Palya,MAHADEVAPURA (SC),158,GOVINDRAJA NAGAR,164
185,Yelchenahalli,BANGALORE SOUTH,158,JAYANAGAR,123
54,Hudi,MAHADEVAPURA (SC),157,ANEKAL (SC),108
23,Nagavara,SARVARGNA NAGAR,152,,
72,Herohalli,YESHVANTHAPURA,152,,
159,Kengeri,YESHVANTHAPURA,148,,
53,Basavanapura,K.R.PURA,140,,
192,Begur,BANGALORE SOUTH,137,,
4,Yelahanka Satellite Town,YELAHANKA,136,,
59,Maruthi Seva Nagar,SARVARGNA NAGAR,136,,
93,Vasanth Nagar,SHIVAJI NAGAR,136,,
63,Jayamahal,SHIVAJI NAGAR,126,,
16,Jalahalli,RAJARAJESHWARI NAGAR,125,,
38,HMT Ward,RAJARAJESHWARI NAGAR,124,,
71,Hegganahalli,DASARAHALLI,121,,
11,Kuvempu Nagar,BYATARAYANAPURA,120,,
85,Dodda Nekkundi,MAHADEVAPURA (SC),120,,
81,Vijnana Nagar,K.R.PURA,119,,
20,Ganga Nagar,HEBBAL,118,,
130,Ullalu,YESHVANTHAPURA,116,,
84,Hagadur,MAHADEVAPURA (SC),114,,
163,Katriguppe,BASAVANAGUDI,114,,
7,Byatarayanapura,BYATARAYANAPURA,109,,
161,Hosakerehalli,PADMANABA NAGAR,109,,
191,Singasandra,ANEKAL (SC),108,,
181,Kumaraswamy Layout,PADMANABA NAGAR,107,,
183,Chikkalsandra,PADMANABA NAGAR,106,,
32,Kaval Bairasandra,PULAKESHI NAGAR (SC),104,,
58,New Tippasandra,C.V. RAMAN NAGAR (SC),98,,
26,Ramamurthy Nagar,K.R.PURA,94,,
62,Ramaswamy Palya,SHIVAJI NAGAR,94,,
146,Lakkasandra,B.T.M. LAYOUT,90,,
35,Aramane Nagar,MALLESWARAM,89,,
182,Padmanabha Nagar,PADMANABA NAGAR,86,,
155,Hanumanth Nagar,BASAVANAGUDI,85,,
19,Sanjay Nagar,HEBBAL,84,,
3,Atturu,YELAHANKA,82,,
21,Hebbal,HEBBAL,82,,
50,Benniganahalli,C.V. RAMAN NAGAR (SC),82,,
197,Vasanthpura,BANGALORE SOUTH,82,,
89,Jogapalya,SHANTI NAGAR,81,,
100,Basaveshwara Nagar,RAJAJI NAGAR,81,,
142,Sunkenahalli,CHICKPET,81,,
15,T Dasarahalli,DASARAHALLI,80,,
46,Jayachamrajendra Nagar,HEBBAL,80,,
154,Basavanagudi,BASAVANAGUDI,80,,
80,Hoysala Nagar,C.V. RAMAN NAGAR (SC),79,,
188,Bilekhali,BOMMANAHALLI,79,,
140,Chamrajapet,CHAMARAJPET,77,,
60,Sagayarapura,PULAKESHI NAGAR (SC),75,,
176,B T M Layout,B.T.M. LAYOUT,75,,
112,Domlur,SHANTI NAGAR,74,,
156,Srinagara,BASAVANAGUDI,74,,
31,Kushal Nagar,PULAKESHI NAGAR (SC),72,,
42,Lakshmi Devi Nagar,RAJARAJESHWARI NAGAR,71,,
79,Sarvagna Nagar,C.V. RAMAN NAGAR (SC),70,,
96,Okalipura,GANDHI NAGAR,68,,
157,Gali Anjaneya Temple,VIJAYA NAGAR,68,,
136,Jagajivanram Nagar,CHAMARAJPET,67,,
51,Vijnanapura,K.R.PURA,65,,
193,Arakere,BOMMANAHALLI,65,,
189,Hongasandra,BOMMANAHALLI,64,,
98,Prakash Nagar,RAJAJI NAGAR,62,,
111,Shantala Nagar,SHANTI NAGAR,61,,
137,Rayapura,CHAMARAJPET,61,,
64,Rajamahal Guttahalli,MALLESWARAM,60,,
86,Marattahalli,MAHADEVAPURA (SC),60,,
141,Azad Nagar,CHAMARAJPET,60,,
190,Mangammanapalya,BOMMANAHALLI,60,,
36,Mattikere,MALLESWARAM,59,,
22,Vishwanatha Nagenahalli,HEBBAL,58,,
25,Horamavu,K.R.PURA,58,,
34,Gangenahalli,HEBBAL,58,,
66,Subramanya Nagar,MALLESWARAM,58,,
135,Padarayanapura,CHAMARAJPET,58,,
18,Radhakrishna Temple,HEBBAL,56,,
75,Shankar Mutt,MAHALAXMI LAYOUT,56,,
48,Muneshwara Nagar,PULAKESHI NAGAR (SC),55,,
56,A Narayanapura,K.R.PURA,55,,
67,Nagapura,MAHALAXMI LAYOUT,55,,
76,Gayithri Nagar,MALLESWARAM,55,,
121,Binnipete,GANDHI NAGAR,55,,
61,S K Garden,PULAKESHI NAGAR (SC),53,,
90,Halsoor,SHIVAJI NAGAR,53,,
195,Konanakunte,BANGALORE SOUTH,53,,
52,K R Pura,K.R.PURA,52,,
101,Kamakshipalya,RAJAJI NAGAR,52,,
165,Ganesh Mandiara Ward,PADMANABA NAGAR,52,,
2,Chowdeshwari Ward,YELAHANKA,51,,
77,Dattatreya Temple,GANDHI NAGAR,51,,
117,Shanthi Nagar,SHANTI NAGAR,51,,
132,Attiguppe,VIJAYA NAGAR,51,,
37,Yeshwanthpura,RAJARAJESHWARI NAGAR,50,,
87,HAL Airport,K.R.PURA,49,,
97,Dayananda Nagar,RAJAJI NAGAR,49,,
184,Uttarahalli,BANGALORE SOUTH,49,,
115,Vannarpete,SHANTI NAGAR,48,,
138,Chalavadipalya,CHAMARAJPET,48,,
108,Srirammandir,RAJAJI NAGAR,47,,
133,Hampinagara,VIJAYA NAGAR,46,,
17,JP Park,RAJARAJESHWARI NAGAR,45,,
166,Karisandra,PADMANABA NAGAR,45,,
65,Kadu Malleshwara Ward,MALLESWARAM,44,,
158,Deepanjali Nagara,VIJAYA NAGAR,44,,
109,Chickpete,GANDHI NAGAR,43,,
113,Konena Agrahara,C.V. RAMAN NAGAR (SC),42,,
88,Jeevanbhima Nagar,C.V. RAMAN NAGAR (SC),41,,
114,Agara,SHANTI NAGAR,41,,
196,Anjanapura,BANGALORE SOUTH,40,,
168,Pattabhiram Nagar,JAYANAGAR,39,,
91,Bharathi Nagar,SHIVAJI NAGAR,38,,
110,Sampangiram Nagar,SHIVAJI NAGAR,38,,
74,Shakthi Ganapathi Nagar,MAHALAXMI LAYOUT,37,,
28,Kammanahalli,SARVARGNA NAGAR,34,,
106,Dr Raj Kumar Ward,GOVINDRAJA NAGAR,34,,
164,Vidyapeeta Ward,BASAVANAGUDI,34,,
180,Banashankari Temple Ward,PADMANABA NAGAR,34,,
1,Kempegowda Ward,YELAHANKA,33,,
172,Madivala,B.T.M. LAYOUT,32,,
99,Rajajinagar,RAJAJI NAGAR,31,,
105,Agrahara Dasarahalli,GOVINDRAJA NAGAR,31,,
107,Shivanagara,RAJAJI NAGAR,31,,
78,Pulikeshi Nagar,PULAKESHI NAGAR (SC),30,,
102,Vrisabhavathi Nagar,MAHALAXMI LAYOUT,29,,
120,Cottonpete,GANDHI NAGAR,29,,
33,Manorayanapalya,HEBBAL,28,,
49,Lingarajapura,SARVARGNA NAGAR,27,,
134,Bapuji Nagar,VIJAYA NAGAR,27,,
139,K R Market,CHAMARAJPET,25,,
152,Suddagunte Palya,B.T.M. LAYOUT,25,,
68,Mahalakshmipura,MAHALAXMI LAYOUT,24,,
44,Marappana Palya,MAHALAXMI LAYOUT,23,,
128,Nagarabhavi,GOVINDRAJA NAGAR,23,,
175,Bommanahalli,BOMMANAHALLI,23,,
95,Subhash Nagar,GANDHI NAGAR,22,,
123,Vijayanagara,VIJAYA NAGAR,22,,
131,Nayandahalli,GOVINDRAJA NAGAR,22,,
177,J P Nagar,JAYANAGAR,22,,
124,Hosahalli,VIJAYA NAGAR,21,,
40,Dodda Bidarakallu,YESHVANTHAPURA,20,,
47,Devara Jeevanahalli,PULAKESHI NAGAR (SC),19,,
143,Vishveshwara Puram,CHICKPET,19,,
170,Jayanagar East,JAYANAGAR,19,,
171,Gurappanapalya,JAYANAGAR,19,,
122,Kempapura Agrahara,VIJAYA NAGAR,18,,
126,Maruthi Mandira Ward,GOVINDRAJA NAGAR,17,,
144,Siddapura,CHICKPET,17,,
186,Jaraganahalli,BOMMANAHALLI,17,,
127,Mudalapalya,GOVINDRAJA NAGAR,16,,
145,Hombegowda Nagar,CHICKPET,16,,
148,Ejipura,B.T.M. LAYOUT,16,,
69,Laggere,RAJARAJESHWARI NAGAR,15,,
29,Kacharkanahalli,SARVARGNA NAGAR,14,,
118,Sudham Nagar,CHICKPET,14,,
119,Dharmaraya Swamy Temple,CHICKPET,14,,
45,Malleswaram,MALLESWARAM,13,,
151,Koramangala,B.T.M. LAYOUT,13,,
153,Jayanagara,CHICKPET,13,,
179,Shakambari Nagar,JAYANAGAR,12,,
55,Devasandra,K.R.PURA,11,,
103,Kaveripura,GOVINDRAJA NAGAR,11,,
173,Jakkasandra,B.T.M. LAYOUT,11,,
116,Nilasandra,SHANTI NAGAR,10,,
147,Adugodi,B.T.M. LAYOUT,10,,
43,Nandini Layout,MAHALAXMI LAYOUT,9,,
94,Gandhinagar,GANDHI NAGAR,9,,
125,Marenahalli,GOVINDRAJA NAGAR,9,,
178,Sarakki,JAYANAGAR,7,,
30,Kadugondanahalli,SARVARGNA NAGAR,5,,
169,Byrasandra,JAYANAGAR,5,,
92,Shivaji Nagar,SHIVAJI NAGAR,3,,
167,Yediyur,PADMANABA NAGAR,3,,
104,Govindarajanagara,GOVINDRAJA NAGAR,1,,
